call_date_Month,call_date_Day,a_party_id2,b_party_id,duration,charge,abbreviation,destination_name,city,sub_service_code,destination_type,package_name,call_direction
January,6,2348139842xxx,2348148890xxx,35,4.2,DC_ZONE_45,1482,PORT HARCOURT,DIRECTCON,Local,GREENLIGHT PCK,O
January,6,2348139842xxx,2348148926xxx,15,1.8,DC_ZONE_45,1482,PORT HARCOURT,DIRECTCON,Local,GREENLIGHT PCK,O
January,6,2348139842xxx,2348148941xxx,994,119.28,DC_ZONE_45,1482,PORT HARCOURT,DIRECTCON,Local,GREENLIGHT PCK,O
January,6,2348139842xxx,2348148999xxx,72,8.64,DC_ZONE_45,1482,PORT HARCOURT,DIRECTCON,Local,GREENLIGHT PCK,O
January,6,2348139842xxx,2348149014xxx,399,47.88,DC_ZONE_45,1482,PORT HARCOURT,DIRECTCON,Local,GREENLIGHT PCK,O
January,6,2348139842xxx,2348149017xxx,52,6.24,DC_ZONE_45,1482,PORT HARCOURT,DIRECTCON,Local,GREENLIGHT PCK,O
January,6,2348139842xxx,2348149094xxx,402,48.24,DC_ZONE_45,1482,PORT HARCOURT,DIRECTCON,Local,GREENLIGHT PCK,O
January,6,2348139842xxx,2348149145xxx,230,27.6,DC_ZONE_45,1482,PORT HARCOURT,DIRECTCON,Local,GREENLIGHT PCK,O
January,6,2348139842xxx,2348149271xxx,1,0.12,DC_ZONE_45,1482,PORT HARCOURT,DIRECTCON,Local,GREENLIGHT PCK,O
January,6,2348139842xxx,2348149298xxx,851,102.12,DC_ZONE_45,1482,PORT HARCOURT,DIRECTCON,Local,GREENLIGHT PCK,O
January,6,2348139842xxx,2348149302xxx,6,0.72,DC_ZONE_45,1482,PORT HARCOURT,DIRECTCON,Local,GREENLIGHT PCK,O
January,6,2348139842xxx,2348149340xxx,755,90.6,DC_ZONE_45,1482,PORT HARCOURT,DIRECTCON,Local,GREENLIGHT PCK,O
January,6,2348139842xxx,2348149368xxx,108,12.96,DC_ZONE_45,1482,PORT HARCOURT,DIRECTCON,Local,GREENLIGHT PCK,O
January,6,2348139842xxx,2348149407xxx,37,4.44,DC_ZONE_45,1482,PORT HARCOURT,DIRECTCON,Local,GREENLIGHT PCK,O
January,6,2348139842xxx,2348149429xxx,343,41.16,DC_ZONE_45,1482,PORT HARCOURT,DIRECTCON,Local,GREENLIGHT PCK,O
January,6,2348139842xxx,2348149462xxx,47,5.64,DC_ZONE_45,1482,PORT HARCOURT,DIRECTCON,Local,GREENLIGHT PCK,O
January,6,2348139842xxx,2348149639xxx,382,45.84,DC_ZONE_45,1482,PORT HARCOURT,DIRECTCON,Local,GREENLIGHT PCK,O
January,6,2348139842xxx,2348149784xxx,366,43.92,DC_ZONE_45,1482,PORT HARCOURT,DIRECTCON,Local,GREENLIGHT PCK,O
January,6,2348139842xxx,2348149788xxx,485,58.2,DC_ZONE_45,1482,PORT HARCOURT,DIRECTCON,Local,GREENLIGHT PCK,O
January,6,2348139842xxx,2348149934xxx,136,16.32,DC_ZONE_45,1482,PORT HARCOURT,DIRECTCON,Local,GREENLIGHT PCK,O
January,6,2348139842xxx,2348149950xxx,58,6.96,DC_ZONE_45,1482,PORT HARCOURT,DIRECTCON,Local,GREENLIGHT PCK,O
January,6,2348139842xxx,2348160005xxx,107,12.84,DC_ZONE_45,1718,PORT HARCOURT,DIRECTCON,Local,GREENLIGHT PCK,O
January,6,2348139842xxx,2348160046xxx,219,26.28,DC_ZONE_45,1718,PORT HARCOURT,DIRECTCON,Local,GREENLIGHT PCK,O
January,6,2348139842xxx,2348160048xxx,398,47.76,DC_ZONE_45,1718,PORT HARCOURT,DIRECTCON,Local,GREENLIGHT PCK,O
January,6,2348139842xxx,2348160065xxx,26,3.12,DC_ZONE_45,1718,PORT HARCOURT,DIRECTCON,Local,GREENLIGHT PCK,O
January,6,2348139842xxx,2348160068xxx,161,19.32,DC_ZONE_45,1718,PORT HARCOURT,DIRECTCON,Local,GREENLIGHT PCK,O
January,6,2348139842xxx,2348160080xxx,255,30.6,DC_ZONE_45,1718,PORT HARCOURT,DIRECTCON,Local,GREENLIGHT PCK,O
January,6,2348139842xxx,2348160101xxx,345,41.4,DC_ZONE_45,1718,PORT HARCOURT,DIRECTCON,Local,GREENLIGHT PCK,O
January,6,2348139842xxx,2348160115xxx,309,37.08,DC_ZONE_45,1718,PORT HARCOURT,DIRECTCON,Local,GREENLIGHT PCK,O
January,6,2348139842xxx,2348160118xxx,175,21,DC_ZONE_45,1718,PORT HARCOURT,DIRECTCON,Local,GREENLIGHT PCK,O
January,6,2348139842xxx,2348160118xxx,1,0.12,DC_ZONE_45,1718,PORT HARCOURT,DIRECTCON,Local,GREENLIGHT PCK,O
January,6,2348139842xxx,2348160125xxx,98,11.76,DC_ZONE_45,1718,PORT HARCOURT,DIRECTCON,Local,GREENLIGHT PCK,O
January,6,2348139842xxx,2348160172xxx,148,17.76,DC_ZONE_45,1718,PORT HARCOURT,DIRECTCON,Local,GREENLIGHT PCK,O
January,6,2348139842xxx,2348160183xxx,718,86.16,DC_ZONE_45,1718,PORT HARCOURT,DIRECTCON,Local,GREENLIGHT PCK,O
January,6,2348139842xxx,2348160266xxx,88,10.56,DC_ZONE_45,1718,PORT HARCOURT,DIRECTCON,Local,GREENLIGHT PCK,O
January,6,2348139842xxx,2348160268xxx,319,38.28,DC_ZONE_45,1718,PORT HARCOURT,DIRECTCON,Local,GREENLIGHT PCK,O
January,6,2348139842xxx,2348160271xxx,314,37.68,DC_ZONE_45,1718,PORT HARCOURT,DIRECTCON,Local,GREENLIGHT PCK,O
January,6,2348139842xxx,2348160299xxx,263,31.56,DC_ZONE_45,1718,PORT HARCOURT,DIRECTCON,Local,GREENLIGHT PCK,O
January,6,2348139842xxx,2348160322xxx,17,2.04,DC_ZONE_45,1718,PORT HARCOURT,DIRECTCON,Local,GREENLIGHT PCK,O
January,6,2348139842xxx,2348160341xxx,662,79.44,DC_ZONE_45,1718,PORT HARCOURT,DIRECTCON,Local,GREENLIGHT PCK,O
January,6,2348139842xxx,2348160399xxx,274,32.88,DC_ZONE_45,1718,PORT HARCOURT,DIRECTCON,Local,GREENLIGHT PCK,O
January,6,2348139842xxx,2348160419xxx,2,0.24,DC_ZONE_45,1718,PORT HARCOURT,DIRECTCON,Local,GREENLIGHT PCK,O
January,6,2348139842xxx,2348160435xxx,59,7.08,DC_ZONE_45,1718,PORT HARCOURT,DIRECTCON,Local,GREENLIGHT PCK,O
January,6,2348139842xxx,2348160449xxx,303,36.36,DC_ZONE_45,1718,PORT HARCOURT,DIRECTCON,Local,GREENLIGHT PCK,O
January,6,2348139842xxx,2348160463xxx,16,1.92,DC_ZONE_45,1718,PORT HARCOURT,DIRECTCON,Local,GREENLIGHT PCK,O
January,6,2348139842xxx,2348160510xxx,7,0.84,DC_ZONE_45,1718,PORT HARCOURT,DIRECTCON,Local,GREENLIGHT PCK,O
January,6,2348139842xxx,2348160536xxx,203,24.36,DC_ZONE_45,1718,PORT HARCOURT,DIRECTCON,Local,GREENLIGHT PCK,O
January,6,2348139842xxx,2348160568xxx,214,25.68,DC_ZONE_45,1718,PORT HARCOURT,DIRECTCON,Local,GREENLIGHT PCK,O
January,6,2348139842xxx,2348160578xxx,269,32.28,DC_ZONE_45,1718,PORT HARCOURT,DIRECTCON,Local,GREENLIGHT PCK,O
January,6,2348139842xxx,2348160603xxx,1,0.12,DC_ZONE_45,1718,PORT HARCOURT,DIRECTCON,Local,GREENLIGHT PCK,O
January,6,2348139842xxx,2348160623xxx,172,20.64,DC_ZONE_45,1718,PORT HARCOURT,DIRECTCON,Local,GREENLIGHT PCK,O
January,6,2348139842xxx,2348160626xxx,269,32.28,DC_ZONE_45,1718,PORT HARCOURT,DIRECTCON,Local,GREENLIGHT PCK,O
January,6,2348139842xxx,2348160662xxx,653,78.36,DC_ZONE_45,1718,PORT HARCOURT,DIRECTCON,Local,GREENLIGHT PCK,O
January,6,2348139842xxx,2348160709xxx,502,60.24,DC_ZONE_45,1718,PORT HARCOURT,DIRECTCON,Local,GREENLIGHT PCK,O
January,6,2348139842xxx,2348160830xxx,163,19.56,DC_ZONE_45,1718,PORT HARCOURT,DIRECTCON,Local,GREENLIGHT PCK,O
January,6,2348139842xxx,2348160836xxx,329,39.48,DC_ZONE_45,1718,PORT HARCOURT,DIRECTCON,Local,GREENLIGHT PCK,O
January,6,2348139842xxx,2348160870xxx,463,55.56,DC_ZONE_45,1718,PORT HARCOURT,DIRECTCON,Local,GREENLIGHT PCK,O
January,6,2348139842xxx,2348160876xxx,34,4.08,DC_ZONE_45,1718,PORT HARCOURT,DIRECTCON,Local,GREENLIGHT PCK,O
January,6,2348139842xxx,2348160880xxx,111,13.32,DC_ZONE_45,1718,PORT HARCOURT,DIRECTCON,Local,GREENLIGHT PCK,O
January,6,2348139842xxx,2348160912xxx,350,42,DC_ZONE_45,1718,PORT HARCOURT,DIRECTCON,Local,GREENLIGHT PCK,O
January,6,2348139842xxx,2348160923xxx,449,53.88,DC_ZONE_45,1718,PORT HARCOURT,DIRECTCON,Local,GREENLIGHT PCK,O
January,6,2348139842xxx,2348160929xxx,1,0.12,DC_ZONE_45,1718,PORT HARCOURT,DIRECTCON,Local,GREENLIGHT PCK,O
January,6,2348139842xxx,2348160946xxx,1,0.12,DC_ZONE_45,1718,PORT HARCOURT,DIRECTCON,Local,GREENLIGHT PCK,O
January,6,2348139842xxx,2348161119xxx,390,46.8,DC_ZONE_45,1718,PORT HARCOURT,DIRECTCON,Local,GREENLIGHT PCK,O
January,6,2348139842xxx,2348161235xxx,370,44.4,DC_ZONE_45,1718,PORT HARCOURT,DIRECTCON,Local,GREENLIGHT PCK,O
January,6,2348139842xxx,2348161246xxx,1,0.12,DC_ZONE_45,1718,PORT HARCOURT,DIRECTCON,Local,GREENLIGHT PCK,O
January,6,2348139842xxx,2348161260xxx,345,41.4,DC_ZONE_45,1718,PORT HARCOURT,DIRECTCON,Local,GREENLIGHT PCK,O
January,6,2348139842xxx,2348161264xxx,1,0.12,DC_ZONE_45,1718,PORT HARCOURT,DIRECTCON,Local,GREENLIGHT PCK,O
January,6,2348139842xxx,2348161283xxx,129,15.48,DC_ZONE_45,1718,PORT HARCOURT,DIRECTCON,Local,GREENLIGHT PCK,O
January,6,2348139842xxx,2348161295xxx,342,41.04,DC_ZONE_45,1718,PORT HARCOURT,DIRECTCON,Local,GREENLIGHT PCK,O
January,6,2348139842xxx,2348161312xxx,327,39.24,DC_ZONE_45,1718,PORT HARCOURT,DIRECTCON,Local,GREENLIGHT PCK,O
January,6,2348139842xxx,2348161315xxx,345,41.4,DC_ZONE_45,1718,PORT HARCOURT,DIRECTCON,Local,GREENLIGHT PCK,O
January,6,2348139842xxx,2348161369xxx,184,22.08,DC_ZONE_45,1718,PORT HARCOURT,DIRECTCON,Local,GREENLIGHT PCK,O
January,6,2348139842xxx,2348161417xxx,395,47.4,DC_ZONE_45,1718,PORT HARCOURT,DIRECTCON,Local,GREENLIGHT PCK,O
January,6,2348139842xxx,2348161425xxx,46,5.52,DC_ZONE_45,1718,PORT HARCOURT,DIRECTCON,Local,GREENLIGHT PCK,O
January,6,2348139842xxx,2348161446xxx,108,12.96,DC_ZONE_45,1718,PORT HARCOURT,DIRECTCON,Local,GREENLIGHT PCK,O
January,6,2348139842xxx,2348161482xxx,190,22.8,DC_ZONE_45,1718,PORT HARCOURT,DIRECTCON,Local,GREENLIGHT PCK,O
January,6,2348139842xxx,2348161565xxx,323,38.76,DC_ZONE_45,1718,PORT HARCOURT,DIRECTCON,Local,GREENLIGHT PCK,O
January,6,2348139842xxx,2348161591xxx,28,3.36,DC_ZONE_45,1718,PORT HARCOURT,DIRECTCON,Local,GREENLIGHT PCK,O
January,6,2348139842xxx,2348161630xxx,177,21.24,DC_ZONE_45,1718,PORT HARCOURT,DIRECTCON,Local,GREENLIGHT PCK,O
January,6,2348139842xxx,2348161631xxx,366,43.92,DC_ZONE_45,1718,PORT HARCOURT,DIRECTCON,Local,GREENLIGHT PCK,O
January,6,2348139842xxx,2348161699xxx,303,36.36,DC_ZONE_45,1718,PORT HARCOURT,DIRECTCON,Local,GREENLIGHT PCK,O
January,6,2348139842xxx,2348161715xxx,287,34.44,DC_ZONE_45,1718,PORT HARCOURT,DIRECTCON,Local,GREENLIGHT PCK,O
January,6,2348139842xxx,2348161744xxx,100,12,DC_ZONE_45,1718,PORT HARCOURT,DIRECTCON,Local,GREENLIGHT PCK,O
January,6,2348139842xxx,2348161759xxx,17,2.04,DC_ZONE_45,1718,PORT HARCOURT,DIRECTCON,Local,GREENLIGHT PCK,O
January,6,2348139842xxx,2348161801xxx,321,38.52,DC_ZONE_45,1718,PORT HARCOURT,DIRECTCON,Local,GREENLIGHT PCK,O
January,6,2348139842xxx,2348161815xxx,431,51.72,DC_ZONE_45,1718,PORT HARCOURT,DIRECTCON,Local,GREENLIGHT PCK,O
January,6,2348139842xxx,2348161837xxx,160,19.2,DC_ZONE_45,1718,PORT HARCOURT,DIRECTCON,Local,GREENLIGHT PCK,O
January,6,2348139842xxx,2348161838xxx,159,19.08,DC_ZONE_45,1718,PORT HARCOURT,DIRECTCON,Local,GREENLIGHT PCK,O
January,6,2348139842xxx,2348161846xxx,59,7.08,DC_ZONE_45,1718,PORT HARCOURT,DIRECTCON,Local,GREENLIGHT PCK,O
January,6,2348139842xxx,2348161851xxx,237,28.44,DC_ZONE_45,1718,PORT HARCOURT,DIRECTCON,Local,GREENLIGHT PCK,O
January,6,2348139842xxx,2348161919xxx,277,33.24,DC_ZONE_45,1718,PORT HARCOURT,DIRECTCON,Local,GREENLIGHT PCK,O
January,6,2348139842xxx,2348162013xxx,84,10.08,DC_ZONE_45,1718,PORT HARCOURT,DIRECTCON,Local,GREENLIGHT PCK,O
January,6,2348139842xxx,2348162051xxx,512,61.44,DC_ZONE_45,1718,PORT HARCOURT,DIRECTCON,Local,GREENLIGHT PCK,O
January,6,2348139842xxx,2348162105xxx,417,50.04,DC_ZONE_45,1718,PORT HARCOURT,DIRECTCON,Local,GREENLIGHT PCK,O
January,6,2348139842xxx,2348162158xxx,237,28.44,DC_ZONE_45,1718,PORT HARCOURT,DIRECTCON,Local,GREENLIGHT PCK,O
January,6,2348139842xxx,2348162164xxx,15,1.8,DC_ZONE_45,1718,PORT HARCOURT,DIRECTCON,Local,GREENLIGHT PCK,O
January,6,2348139842xxx,2348162191xxx,3,0.36,DC_ZONE_45,1718,PORT HARCOURT,DIRECTCON,Local,GREENLIGHT PCK,O
January,6,2348139842xxx,2348162204xxx,424,50.88,DC_ZONE_45,1718,PORT HARCOURT,DIRECTCON,Local,GREENLIGHT PCK,O
January,6,2348139842xxx,2348162213xxx,87,10.44,DC_ZONE_45,1718,PORT HARCOURT,DIRECTCON,Local,GREENLIGHT PCK,O
January,6,2348139842xxx,2348162233xxx,378,45.36,DC_ZONE_45,1718,PORT HARCOURT,DIRECTCON,Local,GREENLIGHT PCK,O
January,6,2348139842xxx,2348162238xxx,"1,076",129.12,DC_ZONE_45,1718,PORT HARCOURT,DIRECTCON,Local,GREENLIGHT PCK,O
January,6,2348139842xxx,2348162256xxx,205,24.6,DC_ZONE_45,1718,PORT HARCOURT,DIRECTCON,Local,GREENLIGHT PCK,O
January,6,2348139842xxx,2348162269xxx,377,45.24,DC_ZONE_45,1718,PORT HARCOURT,DIRECTCON,Local,GREENLIGHT PCK,O
January,6,2348139842xxx,2348162273xxx,61,7.32,DC_ZONE_45,1718,PORT HARCOURT,DIRECTCON,Local,GREENLIGHT PCK,O
January,6,2348139842xxx,2348162313xxx,22,2.64,DC_ZONE_45,1718,PORT HARCOURT,DIRECTCON,Local,GREENLIGHT PCK,O
January,6,2348139842xxx,2348162326xxx,559,67.08,DC_ZONE_45,1718,PORT HARCOURT,DIRECTCON,Local,GREENLIGHT PCK,O
January,6,2348139842xxx,2348162381xxx,122,14.64,DC_ZONE_45,1718,PORT HARCOURT,DIRECTCON,Local,GREENLIGHT PCK,O
January,6,2348139842xxx,2348162506xxx,590,70.8,DC_ZONE_45,1718,PORT HARCOURT,DIRECTCON,Local,GREENLIGHT PCK,O
January,6,2348139842xxx,2348162508xxx,1,0.12,DC_ZONE_45,1718,PORT HARCOURT,DIRECTCON,Local,GREENLIGHT PCK,O
January,6,2348139842xxx,2348162519xxx,13,1.56,DC_ZONE_45,1718,PORT HARCOURT,DIRECTCON,Local,GREENLIGHT PCK,O
January,6,2348139842xxx,2348162545xxx,50,6,DC_ZONE_45,1718,PORT HARCOURT,DIRECTCON,Local,GREENLIGHT PCK,O
January,6,2348139842xxx,2348162610xxx,26,3.12,DC_ZONE_45,1718,PORT HARCOURT,DIRECTCON,Local,GREENLIGHT PCK,O
January,6,2348139842xxx,2348162620xxx,522,62.64,DC_ZONE_45,1718,PORT HARCOURT,DIRECTCON,Local,GREENLIGHT PCK,O
January,6,2348139842xxx,2348162671xxx,440,52.8,DC_ZONE_45,1718,PORT HARCOURT,DIRECTCON,Local,GREENLIGHT PCK,O
January,6,2348139842xxx,2348162686xxx,1,0.12,DC_ZONE_45,1718,PORT HARCOURT,DIRECTCON,Local,GREENLIGHT PCK,O
January,6,2348139842xxx,2348162691xxx,95,11.4,DC_ZONE_45,1718,PORT HARCOURT,DIRECTCON,Local,GREENLIGHT PCK,O
January,6,2348139842xxx,2348162696xxx,54,6.48,DC_ZONE_45,1718,PORT HARCOURT,DIRECTCON,Local,GREENLIGHT PCK,O
January,6,2348139842xxx,2348162722xxx,338,40.56,DC_ZONE_45,1718,PORT HARCOURT,DIRECTCON,Local,GREENLIGHT PCK,O
January,6,2348139842xxx,2348162742xxx,1,0.12,DC_ZONE_45,1718,PORT HARCOURT,DIRECTCON,Local,GREENLIGHT PCK,O
January,6,2348139842xxx,2348162764xxx,14,1.68,DC_ZONE_45,1718,PORT HARCOURT,DIRECTCON,Local,GREENLIGHT PCK,O
January,6,2348139842xxx,2348162822xxx,104,12.48,DC_ZONE_45,1718,PORT HARCOURT,DIRECTCON,Local,GREENLIGHT PCK,O
January,6,2348139842xxx,2348162894xxx,203,24.36,DC_ZONE_45,1718,PORT HARCOURT,DIRECTCON,Local,GREENLIGHT PCK,O
January,6,2348139842xxx,2348162911xxx,214,25.68,DC_ZONE_45,1718,PORT HARCOURT,DIRECTCON,Local,GREENLIGHT PCK,O
January,6,2348139842xxx,2348162912xxx,306,36.72,DC_ZONE_45,1718,PORT HARCOURT,DIRECTCON,Local,GREENLIGHT PCK,O
January,6,2348139842xxx,2348162915xxx,221,26.52,DC_ZONE_45,1718,PORT HARCOURT,DIRECTCON,Local,GREENLIGHT PCK,O
January,6,2348139842xxx,2348162972xxx,1,0.12,DC_ZONE_45,1718,PORT HARCOURT,DIRECTCON,Local,GREENLIGHT PCK,O
January,6,2348139842xxx,2348162999xxx,1,0.12,DC_ZONE_45,1718,PORT HARCOURT,DIRECTCON,Local,GREENLIGHT PCK,O
January,6,2348139842xxx,2348163006xxx,373,44.76,DC_ZONE_45,1718,PORT HARCOURT,DIRECTCON,Local,GREENLIGHT PCK,O
January,6,2348139842xxx,2348163049xxx,45,5.4,DC_ZONE_45,1718,PORT HARCOURT,DIRECTCON,Local,GREENLIGHT PCK,O
January,6,2348139842xxx,2348163075xxx,31,3.72,DC_ZONE_45,1718,PORT HARCOURT,DIRECTCON,Local,GREENLIGHT PCK,O
January,6,2348139842xxx,2348163082xxx,440,52.8,DC_ZONE_45,1718,PORT HARCOURT,DIRECTCON,Local,GREENLIGHT PCK,O
January,6,2348139842xxx,2348163101xxx,270,32.4,DC_ZONE_45,1718,PORT HARCOURT,DIRECTCON,Local,GREENLIGHT PCK,O
January,6,2348139842xxx,2348163144xxx,6,0.72,DC_ZONE_45,1718,PORT HARCOURT,DIRECTCON,Local,GREENLIGHT PCK,O
January,6,2348139842xxx,2348163232xxx,258,30.96,DC_ZONE_45,1718,PORT HARCOURT,DIRECTCON,Local,GREENLIGHT PCK,O
January,6,2348139842xxx,2348163259xxx,49,5.88,DC_ZONE_45,1718,PORT HARCOURT,DIRECTCON,Local,GREENLIGHT PCK,O
January,6,2348139842xxx,2348163259xxx,299,35.88,DC_ZONE_45,1718,PORT HARCOURT,DIRECTCON,Local,GREENLIGHT PCK,O
January,6,2348139842xxx,2348163388xxx,770,92.4,DC_ZONE_45,1718,PORT HARCOURT,DIRECTCON,Local,GREENLIGHT PCK,O
January,6,2348139842xxx,2348163430xxx,220,26.4,DC_ZONE_45,1718,PORT HARCOURT,DIRECTCON,Local,GREENLIGHT PCK,O
January,6,2348139842xxx,2348163442xxx,166,19.92,DC_ZONE_45,1718,PORT HARCOURT,DIRECTCON,Local,GREENLIGHT PCK,O
January,6,2348139842xxx,2348163444xxx,1,0.12,DC_ZONE_45,1718,PORT HARCOURT,DIRECTCON,Local,GREENLIGHT PCK,O
January,6,2348139842xxx,2348163452xxx,377,45.24,DC_ZONE_45,1718,PORT HARCOURT,DIRECTCON,Local,GREENLIGHT PCK,O
January,6,2348139842xxx,2348163458xxx,659,79.08,DC_ZONE_45,1718,PORT HARCOURT,DIRECTCON,Local,GREENLIGHT PCK,O
January,6,2348139842xxx,2348163500xxx,136,16.32,DC_ZONE_45,1718,PORT HARCOURT,DIRECTCON,Local,GREENLIGHT PCK,O
January,6,2348139842xxx,2348163542xxx,1,0.12,DC_ZONE_45,1718,PORT HARCOURT,DIRECTCON,Local,GREENLIGHT PCK,O
January,6,2348139842xxx,2348163566xxx,1,0.12,DC_ZONE_45,1718,PORT HARCOURT,DIRECTCON,Local,GREENLIGHT PCK,O
January,6,2348139842xxx,2348163598xxx,104,12.48,DC_ZONE_45,1718,PORT HARCOURT,DIRECTCON,Local,GREENLIGHT PCK,O
January,6,2348139842xxx,2348163648xxx,272,32.64,DC_ZONE_45,1718,PORT HARCOURT,DIRECTCON,Local,GREENLIGHT PCK,O
January,6,2348139842xxx,2348163650xxx,65,7.8,DC_ZONE_45,1718,PORT HARCOURT,DIRECTCON,Local,GREENLIGHT PCK,O
January,6,2348139842xxx,2348163676xxx,14,1.68,DC_ZONE_45,1718,PORT HARCOURT,DIRECTCON,Local,GREENLIGHT PCK,O
January,6,2348139842xxx,2348163692xxx,641,76.92,DC_ZONE_45,1718,PORT HARCOURT,DIRECTCON,Local,GREENLIGHT PCK,O
January,6,2348139842xxx,2348163818xxx,268,32.16,DC_ZONE_45,1718,PORT HARCOURT,DIRECTCON,Local,GREENLIGHT PCK,O
January,6,2348139842xxx,2348163827xxx,79,9.48,DC_ZONE_45,1718,PORT HARCOURT,DIRECTCON,Local,GREENLIGHT PCK,O
January,6,2348139842xxx,2348163835xxx,154,18.48,DC_ZONE_45,1718,PORT HARCOURT,DIRECTCON,Local,GREENLIGHT PCK,O
January,6,2348139842xxx,2348163888xxx,325,39,DC_ZONE_45,1718,PORT HARCOURT,DIRECTCON,Local,GREENLIGHT PCK,O
January,6,2348139842xxx,2348163917xxx,246,29.52,DC_ZONE_45,1718,PORT HARCOURT,DIRECTCON,Local,GREENLIGHT PCK,O
January,6,2348139842xxx,2348163928xxx,1,0.12,DC_ZONE_45,1718,PORT HARCOURT,DIRECTCON,Local,GREENLIGHT PCK,O
January,6,2348139842xxx,2348164011xxx,1,0.12,DC_ZONE_45,1718,PORT HARCOURT,DIRECTCON,Local,GREENLIGHT PCK,O
January,6,2348139842xxx,2348164056xxx,96,11.52,DC_ZONE_45,1718,PORT HARCOURT,DIRECTCON,Local,GREENLIGHT PCK,O
January,6,2348139842xxx,2348164157xxx,292,35.04,DC_ZONE_45,1718,PORT HARCOURT,DIRECTCON,Local,GREENLIGHT PCK,O
January,6,2348139842xxx,2348164203xxx,137,16.44,DC_ZONE_45,1718,PORT HARCOURT,DIRECTCON,Local,GREENLIGHT PCK,O
January,6,2348139842xxx,2348164212xxx,605,72.6,DC_ZONE_45,1718,PORT HARCOURT,DIRECTCON,Local,GREENLIGHT PCK,O
January,6,2348139842xxx,2348164241xxx,34,4.08,DC_ZONE_45,1718,PORT HARCOURT,DIRECTCON,Local,GREENLIGHT PCK,O
January,6,2348139842xxx,2348164257xxx,195,23.4,DC_ZONE_45,1718,PORT HARCOURT,DIRECTCON,Local,GREENLIGHT PCK,O
January,6,2348139842xxx,2348164270xxx,300,36,DC_ZONE_45,1718,PORT HARCOURT,DIRECTCON,Local,GREENLIGHT PCK,O
January,6,2348139842xxx,2348164314xxx,132,15.84,DC_ZONE_45,1718,PORT HARCOURT,DIRECTCON,Local,GREENLIGHT PCK,O
January,6,2348139842xxx,2348164317xxx,150,18,DC_ZONE_45,1718,PORT HARCOURT,DIRECTCON,Local,GREENLIGHT PCK,O
January,6,2348139842xxx,2348164334xxx,64,7.68,DC_ZONE_45,1718,PORT HARCOURT,DIRECTCON,Local,GREENLIGHT PCK,O
January,6,2348139842xxx,2348164355xxx,387,46.44,DC_ZONE_45,1718,PORT HARCOURT,DIRECTCON,Local,GREENLIGHT PCK,O
January,6,2348139842xxx,2348164357xxx,1,0.12,DC_ZONE_45,1718,PORT HARCOURT,DIRECTCON,Local,GREENLIGHT PCK,O
January,6,2348139842xxx,2348164400xxx,1,0.12,DC_ZONE_45,1718,PORT HARCOURT,DIRECTCON,Local,GREENLIGHT PCK,O
January,6,2348139842xxx,2348164419xxx,43,5.16,DC_ZONE_45,1718,PORT HARCOURT,DIRECTCON,Local,GREENLIGHT PCK,O
January,6,2348139842xxx,2348164438xxx,103,12.36,DC_ZONE_45,1718,PORT HARCOURT,DIRECTCON,Local,GREENLIGHT PCK,O
January,6,2348139842xxx,2348164457xxx,1,0.12,DC_ZONE_45,1718,PORT HARCOURT,DIRECTCON,Local,GREENLIGHT PCK,O
January,6,2348139842xxx,2348164484xxx,788,94.56,DC_ZONE_45,1718,PORT HARCOURT,DIRECTCON,Local,GREENLIGHT PCK,O
January,6,2348139842xxx,2348164569xxx,123,14.76,DC_ZONE_45,1718,PORT HARCOURT,DIRECTCON,Local,GREENLIGHT PCK,O
January,6,2348139842xxx,2348164587xxx,52,6.24,DC_ZONE_45,1718,PORT HARCOURT,DIRECTCON,Local,GREENLIGHT PCK,O
January,6,2348139842xxx,2348164661xxx,251,30.12,DC_ZONE_45,1718,PORT HARCOURT,DIRECTCON,Local,GREENLIGHT PCK,O
January,6,2348139842xxx,2348164672xxx,1,0.12,DC_ZONE_45,1718,PORT HARCOURT,DIRECTCON,Local,GREENLIGHT PCK,O
January,6,2348139842xxx,2348164684xxx,137,16.44,DC_ZONE_45,1718,PORT HARCOURT,DIRECTCON,Local,GREENLIGHT PCK,O
January,6,2348139842xxx,2348164702xxx,74,8.88,DC_ZONE_45,1718,PORT HARCOURT,DIRECTCON,Local,GREENLIGHT PCK,O
January,6,2348139842xxx,2348164702xxx,457,54.84,DC_ZONE_45,1718,PORT HARCOURT,DIRECTCON,Local,GREENLIGHT PCK,O
January,6,2348139842xxx,2348164799xxx,1,0.12,DC_ZONE_45,1718,PORT HARCOURT,DIRECTCON,Local,GREENLIGHT PCK,O
January,6,2348139842xxx,2348164863xxx,619,74.28,DC_ZONE_45,1718,PORT HARCOURT,DIRECTCON,Local,GREENLIGHT PCK,O
January,6,2348139842xxx,2348164900xxx,104,12.48,DC_ZONE_45,1718,PORT HARCOURT,DIRECTCON,Local,GREENLIGHT PCK,O
January,6,2348139842xxx,2348164909xxx,153,18.36,DC_ZONE_45,1718,PORT HARCOURT,DIRECTCON,Local,GREENLIGHT PCK,O
January,6,2348139842xxx,2348164994xxx,30,3.6,DC_ZONE_45,1718,PORT HARCOURT,DIRECTCON,Local,GREENLIGHT PCK,O
January,6,2348139842xxx,2348165013xxx,433,51.96,DC_ZONE_45,1718,PORT HARCOURT,DIRECTCON,Local,GREENLIGHT PCK,O
January,6,2348139842xxx,2348165018xxx,231,27.72,DC_ZONE_45,1718,PORT HARCOURT,DIRECTCON,Local,GREENLIGHT PCK,O
January,6,2348139842xxx,2348165039xxx,48,5.76,DC_ZONE_45,1718,PORT HARCOURT,DIRECTCON,Local,GREENLIGHT PCK,O
January,6,2348139842xxx,2348165041xxx,433,51.96,DC_ZONE_45,1718,PORT HARCOURT,DIRECTCON,Local,GREENLIGHT PCK,O
January,6,2348139842xxx,2348165058xxx,1,0.12,DC_ZONE_45,1718,PORT HARCOURT,DIRECTCON,Local,GREENLIGHT PCK,O
January,6,2348139842xxx,2348165061xxx,53,6.36,DC_ZONE_45,1718,PORT HARCOURT,DIRECTCON,Local,GREENLIGHT PCK,O
January,6,2348139842xxx,2348165066xxx,214,25.68,DC_ZONE_45,1718,PORT HARCOURT,DIRECTCON,Local,GREENLIGHT PCK,O
January,6,2348139842xxx,2348165090xxx,393,47.16,DC_ZONE_45,1718,PORT HARCOURT,DIRECTCON,Local,GREENLIGHT PCK,O
January,6,2348139842xxx,2348165091xxx,274,32.88,DC_ZONE_45,1718,PORT HARCOURT,DIRECTCON,Local,GREENLIGHT PCK,O
January,6,2348139842xxx,2348165166xxx,14,1.68,DC_ZONE_45,1718,PORT HARCOURT,DIRECTCON,Local,GREENLIGHT PCK,O
January,6,2348139842xxx,2348165177xxx,7,0.84,DC_ZONE_45,1718,PORT HARCOURT,DIRECTCON,Local,GREENLIGHT PCK,O
January,6,2348139842xxx,2348165185xxx,5,0.6,DC_ZONE_45,1718,PORT HARCOURT,DIRECTCON,Local,GREENLIGHT PCK,O
January,6,2348139842xxx,2348165211xxx,70,8.4,DC_ZONE_45,1718,PORT HARCOURT,DIRECTCON,Local,GREENLIGHT PCK,O
January,6,2348139842xxx,2348165235xxx,60,7.2,DC_ZONE_45,1718,PORT HARCOURT,DIRECTCON,Local,GREENLIGHT PCK,O
January,6,2348139842xxx,2348165236xxx,291,34.92,DC_ZONE_45,1718,PORT HARCOURT,DIRECTCON,Local,GREENLIGHT PCK,O
January,6,2348139842xxx,2348165245xxx,259,31.08,DC_ZONE_45,1718,PORT HARCOURT,DIRECTCON,Local,GREENLIGHT PCK,O
January,6,2348139842xxx,2348165253xxx,39,4.68,DC_ZONE_45,1718,PORT HARCOURT,DIRECTCON,Local,GREENLIGHT PCK,O
January,6,2348139842xxx,2348165266xxx,545,65.4,DC_ZONE_45,1718,PORT HARCOURT,DIRECTCON,Local,GREENLIGHT PCK,O
January,6,2348139842xxx,2348165274xxx,1,0.12,DC_ZONE_45,1718,PORT HARCOURT,DIRECTCON,Local,GREENLIGHT PCK,O
January,6,2348139842xxx,2348165303xxx,13,1.56,DC_ZONE_45,1718,PORT HARCOURT,DIRECTCON,Local,GREENLIGHT PCK,O
January,6,2348139842xxx,2348165305xxx,108,12.96,DC_ZONE_45,1718,PORT HARCOURT,DIRECTCON,Local,GREENLIGHT PCK,O
January,6,2348139842xxx,2348165311xxx,107,12.84,DC_ZONE_45,1718,PORT HARCOURT,DIRECTCON,Local,GREENLIGHT PCK,O
January,6,2348139842xxx,2348165316xxx,22,2.64,DC_ZONE_45,1718,PORT HARCOURT,DIRECTCON,Local,GREENLIGHT PCK,O
January,6,2348139842xxx,2348165324xxx,30,3.6,DC_ZONE_45,1718,PORT HARCOURT,DIRECTCON,Local,GREENLIGHT PCK,O
January,6,2348139842xxx,2348165347xxx,110,13.2,DC_ZONE_45,1718,PORT HARCOURT,DIRECTCON,Local,GREENLIGHT PCK,O
January,6,2348139842xxx,2348165400xxx,165,19.8,DC_ZONE_45,1718,PORT HARCOURT,DIRECTCON,Local,GREENLIGHT PCK,O
January,6,2348139842xxx,2348165405xxx,233,27.96,DC_ZONE_45,1718,PORT HARCOURT,DIRECTCON,Local,GREENLIGHT PCK,O
January,6,2348139842xxx,2348165512xxx,289,34.68,DC_ZONE_45,1718,PORT HARCOURT,DIRECTCON,Local,GREENLIGHT PCK,O
January,6,2348139842xxx,2348165549xxx,479,57.48,DC_ZONE_45,1718,PORT HARCOURT,DIRECTCON,Local,GREENLIGHT PCK,O
January,6,2348139842xxx,2348165585xxx,1,0.12,DC_ZONE_45,1718,PORT HARCOURT,DIRECTCON,Local,GREENLIGHT PCK,O
January,6,2348139842xxx,2348165612xxx,1,0.12,DC_ZONE_45,1718,PORT HARCOURT,DIRECTCON,Local,GREENLIGHT PCK,O
January,6,2348139842xxx,2348165641xxx,613,73.56,DC_ZONE_45,1718,PORT HARCOURT,DIRECTCON,Local,GREENLIGHT PCK,O
January,6,2348139842xxx,2348165662xxx,618,74.16,DC_ZONE_45,1718,PORT HARCOURT,DIRECTCON,Local,GREENLIGHT PCK,O
January,6,2348139842xxx,2348165701xxx,431,51.72,DC_ZONE_45,1718,PORT HARCOURT,DIRECTCON,Local,GREENLIGHT PCK,O
January,6,2348139842xxx,2348165715xxx,1,0.12,DC_ZONE_45,1718,PORT HARCOURT,DIRECTCON,Local,GREENLIGHT PCK,O
January,6,2348139842xxx,2348165725xxx,100,12,DC_ZONE_45,1718,PORT HARCOURT,DIRECTCON,Local,GREENLIGHT PCK,O
January,6,2348139842xxx,2348165749xxx,1,0.12,DC_ZONE_45,1718,PORT HARCOURT,DIRECTCON,Local,GREENLIGHT PCK,O
January,6,2348139842xxx,2348165751xxx,4,0.48,DC_ZONE_45,1718,PORT HARCOURT,DIRECTCON,Local,GREENLIGHT PCK,O
January,6,2348139842xxx,2348165772xxx,507,60.84,DC_ZONE_45,1718,PORT HARCOURT,DIRECTCON,Local,GREENLIGHT PCK,O
January,6,2348139842xxx,2348165956xxx,1,0.12,DC_ZONE_45,1718,PORT HARCOURT,DIRECTCON,Local,GREENLIGHT PCK,O
January,6,2348139842xxx,2348165996xxx,414,49.68,DC_ZONE_45,1718,PORT HARCOURT,DIRECTCON,Local,GREENLIGHT PCK,O
January,6,2348139842xxx,2348166021xxx,275,33,DC_ZONE_45,1718,PORT HARCOURT,DIRECTCON,Local,GREENLIGHT PCK,O
January,6,2348139842xxx,2348166026xxx,11,1.32,DC_ZONE_45,1718,PORT HARCOURT,DIRECTCON,Local,GREENLIGHT PCK,O
January,6,2348139842xxx,2348166046xxx,116,13.92,DC_ZONE_45,1718,PORT HARCOURT,DIRECTCON,Local,GREENLIGHT PCK,O
January,6,2348139842xxx,2348166059xxx,330,39.6,DC_ZONE_45,1718,PORT HARCOURT,DIRECTCON,Local,GREENLIGHT PCK,O
January,6,2348139842xxx,2348166108xxx,90,10.8,DC_ZONE_45,1718,PORT HARCOURT,DIRECTCON,Local,GREENLIGHT PCK,O
January,6,2348139842xxx,2348166160xxx,35,4.2,DC_ZONE_45,1718,PORT HARCOURT,DIRECTCON,Local,GREENLIGHT PCK,O
January,6,2348139842xxx,2348166198xxx,128,15.36,DC_ZONE_45,1718,PORT HARCOURT,DIRECTCON,Local,GREENLIGHT PCK,O
January,6,2348139842xxx,2348166212xxx,420,50.4,DC_ZONE_45,1718,PORT HARCOURT,DIRECTCON,Local,GREENLIGHT PCK,O
January,6,2348139842xxx,2348166221xxx,31,3.72,DC_ZONE_45,1718,PORT HARCOURT,DIRECTCON,Local,GREENLIGHT PCK,O
January,6,2348139842xxx,2348166306xxx,253,30.36,DC_ZONE_45,1718,PORT HARCOURT,DIRECTCON,Local,GREENLIGHT PCK,O
January,6,2348139842xxx,2348166348xxx,91,10.92,DC_ZONE_45,1718,PORT HARCOURT,DIRECTCON,Local,GREENLIGHT PCK,O
January,6,2348139842xxx,2348166351xxx,35,4.2,DC_ZONE_45,1718,PORT HARCOURT,DIRECTCON,Local,GREENLIGHT PCK,O
January,6,2348139842xxx,2348166361xxx,142,17.04,DC_ZONE_45,1718,PORT HARCOURT,DIRECTCON,Local,GREENLIGHT PCK,O
January,6,2348139842xxx,2348166365xxx,279,33.48,DC_ZONE_45,1718,PORT HARCOURT,DIRECTCON,Local,GREENLIGHT PCK,O
January,6,2348139842xxx,2348166370xxx,289,34.68,DC_ZONE_45,1718,PORT HARCOURT,DIRECTCON,Local,GREENLIGHT PCK,O
January,6,2348139842xxx,2348166386xxx,113,13.56,DC_ZONE_45,1718,PORT HARCOURT,DIRECTCON,Local,GREENLIGHT PCK,O
January,6,2348139842xxx,2348166458xxx,1,0.12,DC_ZONE_45,1718,PORT HARCOURT,DIRECTCON,Local,GREENLIGHT PCK,O
January,6,2348139842xxx,2348166517xxx,302,36.24,DC_ZONE_45,1718,PORT HARCOURT,DIRECTCON,Local,GREENLIGHT PCK,O
January,6,2348139842xxx,2348166528xxx,270,32.4,DC_ZONE_45,1718,PORT HARCOURT,DIRECTCON,Local,GREENLIGHT PCK,O
January,6,2348139842xxx,2348166547xxx,366,43.92,DC_ZONE_45,1718,PORT HARCOURT,DIRECTCON,Local,GREENLIGHT PCK,O
January,6,2348139842xxx,2348166551xxx,337,40.44,DC_ZONE_45,1718,PORT HARCOURT,DIRECTCON,Local,GREENLIGHT PCK,O
January,6,2348139842xxx,2348166570xxx,317,38.04,DC_ZONE_45,1718,PORT HARCOURT,DIRECTCON,Local,GREENLIGHT PCK,O
January,6,2348139842xxx,2348166613xxx,265,31.8,DC_ZONE_45,1718,PORT HARCOURT,DIRECTCON,Local,GREENLIGHT PCK,O
January,6,2348139842xxx,2348166613xxx,142,17.04,DC_ZONE_45,1718,PORT HARCOURT,DIRECTCON,Local,GREENLIGHT PCK,O
January,6,2348139842xxx,2348166638xxx,114,13.68,DC_ZONE_45,1718,PORT HARCOURT,DIRECTCON,Local,GREENLIGHT PCK,O
January,6,2348139842xxx,2348166648xxx,343,41.16,DC_ZONE_45,1718,PORT HARCOURT,DIRECTCON,Local,GREENLIGHT PCK,O
January,6,2348139842xxx,2348166665xxx,488,58.56,DC_ZONE_45,1718,PORT HARCOURT,DIRECTCON,Local,GREENLIGHT PCK,O
January,6,2348139842xxx,2348166665xxx,312,37.44,DC_ZONE_45,1718,PORT HARCOURT,DIRECTCON,Local,GREENLIGHT PCK,O
January,6,2348139842xxx,2348166674xxx,6,0.72,DC_ZONE_45,1718,PORT HARCOURT,DIRECTCON,Local,GREENLIGHT PCK,O
January,6,2348139842xxx,2348166726xxx,6,0.72,DC_ZONE_45,1718,PORT HARCOURT,DIRECTCON,Local,GREENLIGHT PCK,O
January,6,2348139842xxx,2348166749xxx,608,72.96,DC_ZONE_45,1718,PORT HARCOURT,DIRECTCON,Local,GREENLIGHT PCK,O
January,6,2348139842xxx,2348166801xxx,118,14.16,DC_ZONE_45,1718,PORT HARCOURT,DIRECTCON,Local,GREENLIGHT PCK,O
January,6,2348139842xxx,2348166817xxx,9,1.08,DC_ZONE_45,1718,PORT HARCOURT,DIRECTCON,Local,GREENLIGHT PCK,O
January,6,2348139842xxx,2348166820xxx,114,13.68,DC_ZONE_45,1718,PORT HARCOURT,DIRECTCON,Local,GREENLIGHT PCK,O
January,6,2348139842xxx,2348166830xxx,15,1.8,DC_ZONE_45,1718,PORT HARCOURT,DIRECTCON,Local,GREENLIGHT PCK,O
January,6,2348139842xxx,2348166870xxx,134,16.08,DC_ZONE_45,1718,PORT HARCOURT,DIRECTCON,Local,GREENLIGHT PCK,O
January,6,2348139842xxx,2348166889xxx,315,37.8,DC_ZONE_45,1718,PORT HARCOURT,DIRECTCON,Local,GREENLIGHT PCK,O
January,6,2348139842xxx,2348166920xxx,417,50.04,DC_ZONE_45,1718,PORT HARCOURT,DIRECTCON,Local,GREENLIGHT PCK,O
January,6,2348139842xxx,2348166928xxx,3,0.36,DC_ZONE_45,1718,PORT HARCOURT,DIRECTCON,Local,GREENLIGHT PCK,O
January,6,2348139842xxx,2348166931xxx,176,21.12,DC_ZONE_45,1718,PORT HARCOURT,DIRECTCON,Local,GREENLIGHT PCK,O
January,6,2348139842xxx,2348167013xxx,118,14.16,DC_ZONE_45,1718,PORT HARCOURT,DIRECTCON,Local,GREENLIGHT PCK,O
January,6,2348139842xxx,2348167053xxx,386,46.32,DC_ZONE_45,1718,PORT HARCOURT,DIRECTCON,Local,GREENLIGHT PCK,O
January,6,2348139842xxx,2348167141xxx,125,15,DC_ZONE_45,1718,PORT HARCOURT,DIRECTCON,Local,GREENLIGHT PCK,O
January,6,2348139842xxx,2348167182xxx,496,59.52,DC_ZONE_45,1718,PORT HARCOURT,DIRECTCON,Local,GREENLIGHT PCK,O
January,6,2348139842xxx,2348167188xxx,99,11.88,DC_ZONE_45,1718,PORT HARCOURT,DIRECTCON,Local,GREENLIGHT PCK,O
January,6,2348139842xxx,2348167234xxx,77,9.24,DC_ZONE_45,1718,PORT HARCOURT,DIRECTCON,Local,GREENLIGHT PCK,O
January,6,2348139842xxx,2348167239xxx,110,13.2,DC_ZONE_45,1718,PORT HARCOURT,DIRECTCON,Local,GREENLIGHT PCK,O
January,6,2348139842xxx,2348167245xxx,5,0.6,DC_ZONE_45,1718,PORT HARCOURT,DIRECTCON,Local,GREENLIGHT PCK,O
January,6,2348139842xxx,2348167268xxx,502,60.24,DC_ZONE_45,1718,PORT HARCOURT,DIRECTCON,Local,GREENLIGHT PCK,O
January,6,2348139842xxx,2348167311xxx,112,13.44,DC_ZONE_45,1718,PORT HARCOURT,DIRECTCON,Local,GREENLIGHT PCK,O
January,6,2348139842xxx,2348167329xxx,1,0.12,DC_ZONE_45,1718,PORT HARCOURT,DIRECTCON,Local,GREENLIGHT PCK,O
January,6,2348139842xxx,2348167355xxx,102,12.24,DC_ZONE_45,1718,PORT HARCOURT,DIRECTCON,Local,GREENLIGHT PCK,O
January,6,2348139842xxx,2348167385xxx,64,7.68,DC_ZONE_45,1718,PORT HARCOURT,DIRECTCON,Local,GREENLIGHT PCK,O
January,6,2348139842xxx,2348167394xxx,71,8.52,DC_ZONE_45,1718,PORT HARCOURT,DIRECTCON,Local,GREENLIGHT PCK,O
January,6,2348139842xxx,2348167404xxx,73,8.76,DC_ZONE_45,1718,PORT HARCOURT,DIRECTCON,Local,GREENLIGHT PCK,O
January,6,2348139842xxx,2348167406xxx,365,43.8,DC_ZONE_45,1718,PORT HARCOURT,DIRECTCON,Local,GREENLIGHT PCK,O
January,6,2348139842xxx,2348167489xxx,1,0.12,DC_ZONE_45,1718,PORT HARCOURT,DIRECTCON,Local,GREENLIGHT PCK,O
January,6,2348139842xxx,2348167517xxx,1,0.12,DC_ZONE_45,1718,PORT HARCOURT,DIRECTCON,Local,GREENLIGHT PCK,O
January,6,2348139842xxx,2348167557xxx,27,3.24,DC_ZONE_45,1718,PORT HARCOURT,DIRECTCON,Local,GREENLIGHT PCK,O
January,6,2348139842xxx,2348167558xxx,1,0.12,DC_ZONE_45,1718,PORT HARCOURT,DIRECTCON,Local,GREENLIGHT PCK,O
January,6,2348139842xxx,2348167566xxx,679,81.48,DC_ZONE_45,1718,PORT HARCOURT,DIRECTCON,Local,GREENLIGHT PCK,O
January,6,2348139842xxx,2348167610xxx,258,30.96,DC_ZONE_45,1718,PORT HARCOURT,DIRECTCON,Local,GREENLIGHT PCK,O
January,6,2348139842xxx,2348167612xxx,7,0.84,DC_ZONE_45,1718,PORT HARCOURT,DIRECTCON,Local,GREENLIGHT PCK,O
January,6,2348139842xxx,2348167619xxx,1,0.12,DC_ZONE_45,1718,PORT HARCOURT,DIRECTCON,Local,GREENLIGHT PCK,O
January,6,2348139842xxx,2348167629xxx,304,36.48,DC_ZONE_45,1718,PORT HARCOURT,DIRECTCON,Local,GREENLIGHT PCK,O
January,6,2348139842xxx,2348167648xxx,422,50.64,DC_ZONE_45,1718,PORT HARCOURT,DIRECTCON,Local,GREENLIGHT PCK,O
January,6,2348139842xxx,2348167660xxx,22,2.64,DC_ZONE_45,1718,PORT HARCOURT,DIRECTCON,Local,GREENLIGHT PCK,O
January,6,2348139842xxx,2348167673xxx,65,7.8,DC_ZONE_45,1718,PORT HARCOURT,DIRECTCON,Local,GREENLIGHT PCK,O
January,6,2348139842xxx,2348167703xxx,33,3.96,DC_ZONE_45,1718,PORT HARCOURT,DIRECTCON,Local,GREENLIGHT PCK,O
January,6,2348139842xxx,2348167745xxx,34,4.08,DC_ZONE_45,1718,PORT HARCOURT,DIRECTCON,Local,GREENLIGHT PCK,O
January,6,2348139842xxx,2348167763xxx,418,50.16,DC_ZONE_45,1718,PORT HARCOURT,DIRECTCON,Local,GREENLIGHT PCK,O
January,6,2348139842xxx,2348167766xxx,611,73.32,DC_ZONE_45,1718,PORT HARCOURT,DIRECTCON,Local,GREENLIGHT PCK,O
January,6,2348139842xxx,2348167784xxx,89,10.68,DC_ZONE_45,1718,PORT HARCOURT,DIRECTCON,Local,GREENLIGHT PCK,O
January,6,2348139842xxx,2348167857xxx,1,0.12,DC_ZONE_45,1718,PORT HARCOURT,DIRECTCON,Local,GREENLIGHT PCK,O
January,6,2348139842xxx,2348167885xxx,1,0.12,DC_ZONE_45,1718,PORT HARCOURT,DIRECTCON,Local,GREENLIGHT PCK,O
January,6,2348139842xxx,2348167914xxx,47,5.64,DC_ZONE_45,1718,PORT HARCOURT,DIRECTCON,Local,GREENLIGHT PCK,O
January,6,2348139842xxx,2348167929xxx,193,23.16,DC_ZONE_45,1718,PORT HARCOURT,DIRECTCON,Local,GREENLIGHT PCK,O
January,6,2348139842xxx,2348167971xxx,12,1.44,DC_ZONE_45,1718,PORT HARCOURT,DIRECTCON,Local,GREENLIGHT PCK,O
January,6,2348139842xxx,2348168009xxx,153,18.36,DC_ZONE_45,1718,PORT HARCOURT,DIRECTCON,Local,GREENLIGHT PCK,O
January,6,2348139842xxx,2348168023xxx,158,18.96,DC_ZONE_45,1718,PORT HARCOURT,DIRECTCON,Local,GREENLIGHT PCK,O
January,6,2348139842xxx,2348168039xxx,67,8.04,DC_ZONE_45,1718,PORT HARCOURT,DIRECTCON,Local,GREENLIGHT PCK,O
January,6,2348139842xxx,2348168080xxx,359,43.08,DC_ZONE_45,1718,PORT HARCOURT,DIRECTCON,Local,GREENLIGHT PCK,O
January,6,2348139842xxx,2348168081xxx,324,38.88,DC_ZONE_45,1718,PORT HARCOURT,DIRECTCON,Local,GREENLIGHT PCK,O
January,6,2348139842xxx,2348168140xxx,5,0.6,DC_ZONE_45,1718,PORT HARCOURT,DIRECTCON,Local,GREENLIGHT PCK,O
January,6,2348139842xxx,2348168150xxx,429,51.48,DC_ZONE_45,1718,PORT HARCOURT,DIRECTCON,Local,GREENLIGHT PCK,O
January,6,2348139842xxx,2348168208xxx,536,64.32,DC_ZONE_45,1718,PORT HARCOURT,DIRECTCON,Local,GREENLIGHT PCK,O
January,6,2348139842xxx,2348168263xxx,96,11.52,DC_ZONE_45,1718,PORT HARCOURT,DIRECTCON,Local,GREENLIGHT PCK,O
January,6,2348139842xxx,2348168305xxx,36,4.32,DC_ZONE_45,1718,PORT HARCOURT,DIRECTCON,Local,GREENLIGHT PCK,O
January,6,2348139842xxx,2348168416xxx,437,52.44,DC_ZONE_45,1718,PORT HARCOURT,DIRECTCON,Local,GREENLIGHT PCK,O
January,6,2348139842xxx,2348168579xxx,2,0.24,DC_ZONE_45,1718,PORT HARCOURT,DIRECTCON,Local,GREENLIGHT PCK,O
January,6,2348139842xxx,2348168580xxx,399,47.88,DC_ZONE_45,1718,PORT HARCOURT,DIRECTCON,Local,GREENLIGHT PCK,O
January,6,2348139842xxx,2348168646xxx,276,33.12,DC_ZONE_45,1718,PORT HARCOURT,DIRECTCON,Local,GREENLIGHT PCK,O
January,6,2348139842xxx,2348168696xxx,15,1.8,DC_ZONE_45,1718,PORT HARCOURT,DIRECTCON,Local,GREENLIGHT PCK,O
January,6,2348139842xxx,2348168716xxx,61,7.32,DC_ZONE_45,1718,PORT HARCOURT,DIRECTCON,Local,GREENLIGHT PCK,O
January,6,2348139842xxx,2348168737xxx,432,51.84,DC_ZONE_45,1718,PORT HARCOURT,DIRECTCON,Local,GREENLIGHT PCK,O
January,6,2348139842xxx,2348168774xxx,327,39.24,DC_ZONE_45,1718,PORT HARCOURT,DIRECTCON,Local,GREENLIGHT PCK,O
January,6,2348139842xxx,2348168779xxx,579,69.48,DC_ZONE_45,1718,PORT HARCOURT,DIRECTCON,Local,GREENLIGHT PCK,O
January,6,2348139842xxx,2348168791xxx,298,35.76,DC_ZONE_45,1718,PORT HARCOURT,DIRECTCON,Local,GREENLIGHT PCK,O
January,6,2348139842xxx,2348168827xxx,44,5.28,DC_ZONE_45,1718,PORT HARCOURT,DIRECTCON,Local,GREENLIGHT PCK,O
January,6,2348139842xxx,2348168831xxx,266,31.92,DC_ZONE_45,1718,PORT HARCOURT,DIRECTCON,Local,GREENLIGHT PCK,O
January,6,2348139842xxx,2348168849xxx,323,38.76,DC_ZONE_45,1718,PORT HARCOURT,DIRECTCON,Local,GREENLIGHT PCK,O
January,6,2348139842xxx,2348168868xxx,976,117.12,DC_ZONE_45,1718,PORT HARCOURT,DIRECTCON,Local,GREENLIGHT PCK,O
January,6,2348139842xxx,2348168889xxx,263,31.56,DC_ZONE_45,1718,PORT HARCOURT,DIRECTCON,Local,GREENLIGHT PCK,O
January,6,2348139842xxx,2348168907xxx,24,2.88,DC_ZONE_45,1718,PORT HARCOURT,DIRECTCON,Local,GREENLIGHT PCK,O
January,6,2348139842xxx,2348168913xxx,478,57.36,DC_ZONE_45,1718,PORT HARCOURT,DIRECTCON,Local,GREENLIGHT PCK,O
January,6,2348139842xxx,2348168915xxx,394,47.28,DC_ZONE_45,1718,PORT HARCOURT,DIRECTCON,Local,GREENLIGHT PCK,O
January,6,2348139842xxx,2348168929xxx,37,4.44,DC_ZONE_45,1718,PORT HARCOURT,DIRECTCON,Local,GREENLIGHT PCK,O
January,6,2348139842xxx,2348168963xxx,4,0.48,DC_ZONE_45,1718,PORT HARCOURT,DIRECTCON,Local,GREENLIGHT PCK,O
January,6,2348139842xxx,2348168965xxx,1,0.12,DC_ZONE_45,1718,PORT HARCOURT,DIRECTCON,Local,GREENLIGHT PCK,O
January,6,2348139842xxx,2348168966xxx,328,39.36,DC_ZONE_45,1718,PORT HARCOURT,DIRECTCON,Local,GREENLIGHT PCK,O
January,6,2348139842xxx,2348168970xxx,179,21.48,DC_ZONE_45,1718,PORT HARCOURT,DIRECTCON,Local,GREENLIGHT PCK,O
January,6,2348139842xxx,2348168982xxx,396,47.52,DC_ZONE_45,1718,PORT HARCOURT,DIRECTCON,Local,GREENLIGHT PCK,O
January,6,2348139842xxx,2348168997xxx,353,42.36,DC_ZONE_45,1718,PORT HARCOURT,DIRECTCON,Local,GREENLIGHT PCK,O
January,6,2348139842xxx,2348169029xxx,482,57.84,DC_ZONE_45,1718,PORT HARCOURT,DIRECTCON,Local,GREENLIGHT PCK,O
January,6,2348139842xxx,2348169068xxx,450,54,DC_ZONE_45,1718,PORT HARCOURT,DIRECTCON,Local,GREENLIGHT PCK,O
January,6,2348139842xxx,2348169072xxx,375,45,DC_ZONE_45,1718,PORT HARCOURT,DIRECTCON,Local,GREENLIGHT PCK,O
January,6,2348139842xxx,2348169088xxx,12,1.44,DC_ZONE_45,1718,PORT HARCOURT,DIRECTCON,Local,GREENLIGHT PCK,O
January,6,2348139842xxx,2348169099xxx,133,15.96,DC_ZONE_45,1718,PORT HARCOURT,DIRECTCON,Local,GREENLIGHT PCK,O
January,6,2348139842xxx,2348169120xxx,36,4.32,DC_ZONE_45,1718,PORT HARCOURT,DIRECTCON,Local,GREENLIGHT PCK,O
January,6,2348139842xxx,2348169224xxx,107,12.84,DC_ZONE_45,1718,PORT HARCOURT,DIRECTCON,Local,GREENLIGHT PCK,O
January,6,2348139842xxx,2348169230xxx,426,51.12,DC_ZONE_45,1718,PORT HARCOURT,DIRECTCON,Local,GREENLIGHT PCK,O
January,6,2348139842xxx,2348169257xxx,385,46.2,DC_ZONE_45,1718,PORT HARCOURT,DIRECTCON,Local,GREENLIGHT PCK,O
January,6,2348139842xxx,2348169322xxx,1,0.12,DC_ZONE_45,1718,PORT HARCOURT,DIRECTCON,Local,GREENLIGHT PCK,O
January,6,2348139842xxx,2348169329xxx,280,33.6,DC_ZONE_45,1718,PORT HARCOURT,DIRECTCON,Local,GREENLIGHT PCK,O
January,6,2348139842xxx,2348169416xxx,990,118.8,DC_ZONE_45,1718,PORT HARCOURT,DIRECTCON,Local,GREENLIGHT PCK,O
January,6,2348139842xxx,2348169416xxx,182,21.84,DC_ZONE_45,1718,PORT HARCOURT,DIRECTCON,Local,GREENLIGHT PCK,O
January,6,2348139842xxx,2348169443xxx,91,10.92,DC_ZONE_45,1718,PORT HARCOURT,DIRECTCON,Local,GREENLIGHT PCK,O
January,6,2348139842xxx,2348169484xxx,259,31.08,DC_ZONE_45,1718,PORT HARCOURT,DIRECTCON,Local,GREENLIGHT PCK,O
January,6,2348139842xxx,2348169497xxx,268,32.16,DC_ZONE_45,1718,PORT HARCOURT,DIRECTCON,Local,GREENLIGHT PCK,O
January,6,2348139842xxx,2348169595xxx,2,0.24,DC_ZONE_45,1718,PORT HARCOURT,DIRECTCON,Local,GREENLIGHT PCK,O
January,6,2348139842xxx,2348169640xxx,141,16.92,DC_ZONE_45,1718,PORT HARCOURT,DIRECTCON,Local,GREENLIGHT PCK,O
January,6,2348139842xxx,2348169683xxx,79,9.48,DC_ZONE_45,1718,PORT HARCOURT,DIRECTCON,Local,GREENLIGHT PCK,O
January,6,2348139842xxx,2348169697xxx,49,5.88,DC_ZONE_45,1718,PORT HARCOURT,DIRECTCON,Local,GREENLIGHT PCK,O
January,6,2348139842xxx,2348169740xxx,182,21.84,DC_ZONE_45,1718,PORT HARCOURT,DIRECTCON,Local,GREENLIGHT PCK,O
January,6,2348139842xxx,2348169784xxx,272,32.64,DC_ZONE_45,1718,PORT HARCOURT,DIRECTCON,Local,GREENLIGHT PCK,O
January,6,2348139842xxx,2348169867xxx,299,35.88,DC_ZONE_45,1718,PORT HARCOURT,DIRECTCON,Local,GREENLIGHT PCK,O
January,6,2348139842xxx,2348169915xxx,310,37.2,DC_ZONE_45,1718,PORT HARCOURT,DIRECTCON,Local,GREENLIGHT PCK,O
January,6,2348139842xxx,2348169925xxx,417,50.04,DC_ZONE_45,1718,PORT HARCOURT,DIRECTCON,Local,GREENLIGHT PCK,O
January,6,2348139842xxx,2348169965xxx,338,40.56,DC_ZONE_45,1718,PORT HARCOURT,DIRECTCON,Local,GREENLIGHT PCK,O
January,6,2348139842xxx,2348169986xxx,407,48.84,DC_ZONE_45,1718,PORT HARCOURT,DIRECTCON,Local,GREENLIGHT PCK,O
January,6,2348139842xxx,2349030024xxx,84,10.08,DC_ZONE_45,1724,PORT HARCOURT,DIRECTCON,Local,GREENLIGHT PCK,O
January,6,2348139842xxx,2349030051xxx,368,44.16,DC_ZONE_45,1724,PORT HARCOURT,DIRECTCON,Local,GREENLIGHT PCK,O
January,6,2348139842xxx,2349030051xxx,340,40.8,DC_ZONE_45,1724,PORT HARCOURT,DIRECTCON,Local,GREENLIGHT PCK,O
January,6,2348139842xxx,2349030059xxx,577,69.24,DC_ZONE_45,1724,PORT HARCOURT,DIRECTCON,Local,GREENLIGHT PCK,O
January,6,2348139842xxx,2349030102xxx,381,45.72,DC_ZONE_45,1724,PORT HARCOURT,DIRECTCON,Local,GREENLIGHT PCK,O
January,6,2348139842xxx,2349030110xxx,258,30.96,DC_ZONE_45,1724,PORT HARCOURT,DIRECTCON,Local,GREENLIGHT PCK,O
January,6,2348139842xxx,2349030147xxx,99,11.88,DC_ZONE_45,1724,PORT HARCOURT,DIRECTCON,Local,GREENLIGHT PCK,O
January,6,2348139842xxx,2349030154xxx,380,45.6,DC_ZONE_45,1724,PORT HARCOURT,DIRECTCON,Local,GREENLIGHT PCK,O
January,6,2348139842xxx,2349030262xxx,505,60.6,DC_ZONE_45,1724,PORT HARCOURT,DIRECTCON,Local,GREENLIGHT PCK,O
January,6,2348139842xxx,2349030326xxx,298,35.76,DC_ZONE_45,1724,PORT HARCOURT,DIRECTCON,Local,GREENLIGHT PCK,O
January,6,2348139842xxx,2349030340xxx,332,39.84,DC_ZONE_45,1724,PORT HARCOURT,DIRECTCON,Local,GREENLIGHT PCK,O
January,6,2348139842xxx,2349030489xxx,157,18.84,DC_ZONE_45,1724,PORT HARCOURT,DIRECTCON,Local,GREENLIGHT PCK,O
January,6,2348139842xxx,2349030501xxx,488,58.56,DC_ZONE_45,1724,PORT HARCOURT,DIRECTCON,Local,GREENLIGHT PCK,O
January,6,2348139842xxx,2349030509xxx,62,7.44,DC_ZONE_45,1724,PORT HARCOURT,DIRECTCON,Local,GREENLIGHT PCK,O
January,6,2348139842xxx,2349030551xxx,183,21.96,DC_ZONE_45,1724,PORT HARCOURT,DIRECTCON,Local,GREENLIGHT PCK,O
January,6,2348139842xxx,2349030598xxx,440,52.8,DC_ZONE_45,1724,PORT HARCOURT,DIRECTCON,Local,GREENLIGHT PCK,O
January,6,2348139842xxx,2349030674xxx,334,40.08,DC_ZONE_45,1724,PORT HARCOURT,DIRECTCON,Local,GREENLIGHT PCK,O
January,6,2348139842xxx,2349030679xxx,380,45.6,DC_ZONE_45,1724,PORT HARCOURT,DIRECTCON,Local,GREENLIGHT PCK,O
January,6,2348139842xxx,2349030686xxx,2,0.24,DC_ZONE_45,1724,PORT HARCOURT,DIRECTCON,Local,GREENLIGHT PCK,O
January,6,2348139842xxx,2349030706xxx,597,71.64,DC_ZONE_45,1724,PORT HARCOURT,DIRECTCON,Local,GREENLIGHT PCK,O
January,6,2348139842xxx,2349030724xxx,127,15.24,DC_ZONE_45,1724,PORT HARCOURT,DIRECTCON,Local,GREENLIGHT PCK,O
January,6,2348139842xxx,2349030747xxx,206,24.72,DC_ZONE_45,1724,PORT HARCOURT,DIRECTCON,Local,GREENLIGHT PCK,O
January,6,2348139842xxx,2349030767xxx,139,16.68,DC_ZONE_45,1724,PORT HARCOURT,DIRECTCON,Local,GREENLIGHT PCK,O
January,6,2348139842xxx,2349030853xxx,172,20.64,DC_ZONE_45,1724,PORT HARCOURT,DIRECTCON,Local,GREENLIGHT PCK,O
January,6,2348139842xxx,2349030917xxx,367,44.04,DC_ZONE_45,1724,PORT HARCOURT,DIRECTCON,Local,GREENLIGHT PCK,O
January,6,2348139842xxx,2349030919xxx,48,5.76,DC_ZONE_45,1724,PORT HARCOURT,DIRECTCON,Local,GREENLIGHT PCK,O
January,6,2348139842xxx,2349031134xxx,11,1.32,DC_ZONE_45,1724,PORT HARCOURT,DIRECTCON,Local,GREENLIGHT PCK,O
January,6,2348139842xxx,2349031174xxx,97,11.64,DC_ZONE_45,1724,PORT HARCOURT,DIRECTCON,Local,GREENLIGHT PCK,O
January,6,2348139842xxx,2349031175xxx,287,34.44,DC_ZONE_45,1724,PORT HARCOURT,DIRECTCON,Local,GREENLIGHT PCK,O
January,6,2348139842xxx,2349031209xxx,342,41.04,DC_ZONE_45,1724,PORT HARCOURT,DIRECTCON,Local,GREENLIGHT PCK,O
January,6,2348139842xxx,2349031211xxx,183,21.96,DC_ZONE_45,1724,PORT HARCOURT,DIRECTCON,Local,GREENLIGHT PCK,O
January,6,2348139842xxx,2349031214xxx,282,33.84,DC_ZONE_45,1724,PORT HARCOURT,DIRECTCON,Local,GREENLIGHT PCK,O
January,6,2348139842xxx,2349031244xxx,493,59.16,DC_ZONE_45,1724,PORT HARCOURT,DIRECTCON,Local,GREENLIGHT PCK,O
January,6,2348139842xxx,2349031264xxx,541,64.92,DC_ZONE_45,1724,PORT HARCOURT,DIRECTCON,Local,GREENLIGHT PCK,O
January,6,2348139842xxx,2349031347xxx,1,0.12,DC_ZONE_45,1724,PORT HARCOURT,DIRECTCON,Local,GREENLIGHT PCK,O
January,6,2348139842xxx,2349031350xxx,1,0.12,DC_ZONE_45,1724,PORT HARCOURT,DIRECTCON,Local,GREENLIGHT PCK,O
January,6,2348139842xxx,2349031360xxx,11,1.32,DC_ZONE_45,1724,PORT HARCOURT,DIRECTCON,Local,GREENLIGHT PCK,O
January,6,2348139842xxx,2349031363xxx,27,3.24,DC_ZONE_45,1724,PORT HARCOURT,DIRECTCON,Local,GREENLIGHT PCK,O
January,6,2348139842xxx,2349031370xxx,1,0.12,DC_ZONE_45,1724,PORT HARCOURT,DIRECTCON,Local,GREENLIGHT PCK,O
January,6,2348139842xxx,2349031387xxx,1,0.12,DC_ZONE_45,1724,PORT HARCOURT,DIRECTCON,Local,GREENLIGHT PCK,O
January,6,2348139842xxx,2349031466xxx,395,47.4,DC_ZONE_45,1724,PORT HARCOURT,DIRECTCON,Local,GREENLIGHT PCK,O
January,6,2348139842xxx,2349031488xxx,240,28.8,DC_ZONE_45,1724,PORT HARCOURT,DIRECTCON,Local,GREENLIGHT PCK,O
January,6,2348139842xxx,2349031501xxx,57,6.84,DC_ZONE_45,1724,PORT HARCOURT,DIRECTCON,Local,GREENLIGHT PCK,O
January,6,2348139842xxx,2349031547xxx,47,5.64,DC_ZONE_45,1724,PORT HARCOURT,DIRECTCON,Local,GREENLIGHT PCK,O
January,6,2348139842xxx,2349031590xxx,309,37.08,DC_ZONE_45,1724,PORT HARCOURT,DIRECTCON,Local,GREENLIGHT PCK,O
January,6,2348139842xxx,2349031692xxx,78,9.36,DC_ZONE_45,1724,PORT HARCOURT,DIRECTCON,Local,GREENLIGHT PCK,O
January,6,2348139842xxx,2349031711xxx,161,19.32,DC_ZONE_45,1724,PORT HARCOURT,DIRECTCON,Local,GREENLIGHT PCK,O
January,6,2348139842xxx,2349031721xxx,79,9.48,DC_ZONE_45,1724,PORT HARCOURT,DIRECTCON,Local,GREENLIGHT PCK,O
January,6,2348139842xxx,2349031740xxx,92,11.04,DC_ZONE_45,1724,PORT HARCOURT,DIRECTCON,Local,GREENLIGHT PCK,O
January,6,2348139842xxx,2349031764xxx,45,5.4,DC_ZONE_45,1724,PORT HARCOURT,DIRECTCON,Local,GREENLIGHT PCK,O
January,6,2348139842xxx,2349031769xxx,312,37.44,DC_ZONE_45,1724,PORT HARCOURT,DIRECTCON,Local,GREENLIGHT PCK,O
January,6,2348139842xxx,2349031826xxx,272,32.64,DC_ZONE_45,1724,PORT HARCOURT,DIRECTCON,Local,GREENLIGHT PCK,O
January,6,2348139842xxx,2349031828xxx,847,101.64,DC_ZONE_45,1724,PORT HARCOURT,DIRECTCON,Local,GREENLIGHT PCK,O
January,6,2348139842xxx,2349031853xxx,26,3.12,DC_ZONE_45,1724,PORT HARCOURT,DIRECTCON,Local,GREENLIGHT PCK,O
January,6,2348139842xxx,2349031904xxx,412,49.44,DC_ZONE_45,1724,PORT HARCOURT,DIRECTCON,Local,GREENLIGHT PCK,O
January,6,2348139842xxx,2349031914xxx,144,17.28,DC_ZONE_45,1724,PORT HARCOURT,DIRECTCON,Local,GREENLIGHT PCK,O
January,6,2348139842xxx,2349031934xxx,123,14.76,DC_ZONE_45,1724,PORT HARCOURT,DIRECTCON,Local,GREENLIGHT PCK,O
January,6,2348139842xxx,2349031996xxx,215,25.8,DC_ZONE_45,1724,PORT HARCOURT,DIRECTCON,Local,GREENLIGHT PCK,O
January,6,2348139842xxx,2349032026xxx,1,0.12,DC_ZONE_45,1724,PORT HARCOURT,DIRECTCON,Local,GREENLIGHT PCK,O
January,6,2348139842xxx,2349032029xxx,341,40.92,DC_ZONE_45,1724,PORT HARCOURT,DIRECTCON,Local,GREENLIGHT PCK,O
January,6,2348139842xxx,2349032053xxx,600,72,DC_ZONE_45,1724,PORT HARCOURT,DIRECTCON,Local,GREENLIGHT PCK,O
January,6,2348139842xxx,2349032095xxx,35,4.2,DC_ZONE_45,1724,PORT HARCOURT,DIRECTCON,Local,GREENLIGHT PCK,O
January,6,2348139842xxx,2349032103xxx,153,18.36,DC_ZONE_45,1724,PORT HARCOURT,DIRECTCON,Local,GREENLIGHT PCK,O
January,6,2348139842xxx,2349032124xxx,421,50.52,DC_ZONE_45,1724,PORT HARCOURT,DIRECTCON,Local,GREENLIGHT PCK,O
January,6,2348139842xxx,2349032262xxx,298,35.76,DC_ZONE_45,1724,PORT HARCOURT,DIRECTCON,Local,GREENLIGHT PCK,O
January,6,2348139842xxx,2349032266xxx,34,4.08,DC_ZONE_45,1724,PORT HARCOURT,DIRECTCON,Local,GREENLIGHT PCK,O
January,6,2348139842xxx,2349032269xxx,211,25.32,DC_ZONE_45,1724,PORT HARCOURT,DIRECTCON,Local,GREENLIGHT PCK,O
January,6,2348139842xxx,2349032365xxx,374,44.88,DC_ZONE_45,1724,PORT HARCOURT,DIRECTCON,Local,GREENLIGHT PCK,O
January,6,2348139842xxx,2349032379xxx,91,10.92,DC_ZONE_45,1724,PORT HARCOURT,DIRECTCON,Local,GREENLIGHT PCK,O
January,6,2348139842xxx,2349032380xxx,55,6.6,DC_ZONE_45,1724,PORT HARCOURT,DIRECTCON,Local,GREENLIGHT PCK,O
January,6,2348139842xxx,2349032466xxx,466,55.92,DC_ZONE_45,1724,PORT HARCOURT,DIRECTCON,Local,GREENLIGHT PCK,O
January,6,2348139842xxx,2349032512xxx,52,6.24,DC_ZONE_45,1724,PORT HARCOURT,DIRECTCON,Local,GREENLIGHT PCK,O
January,6,2348139842xxx,2349032516xxx,529,63.48,DC_ZONE_45,1724,PORT HARCOURT,DIRECTCON,Local,GREENLIGHT PCK,O
January,6,2348139842xxx,2349032637xxx,321,38.52,DC_ZONE_45,1724,PORT HARCOURT,DIRECTCON,Local,GREENLIGHT PCK,O
January,6,2348139842xxx,2349032655xxx,100,12,DC_ZONE_45,1724,PORT HARCOURT,DIRECTCON,Local,GREENLIGHT PCK,O
January,6,2348139842xxx,2349032691xxx,135,16.2,DC_ZONE_45,1724,PORT HARCOURT,DIRECTCON,Local,GREENLIGHT PCK,O
January,6,2348139842xxx,2349032822xxx,384,46.08,DC_ZONE_45,1724,PORT HARCOURT,DIRECTCON,Local,GREENLIGHT PCK,O
January,6,2348139842xxx,2349032824xxx,384,46.08,DC_ZONE_45,1724,PORT HARCOURT,DIRECTCON,Local,GREENLIGHT PCK,O
January,6,2348139842xxx,2349032841xxx,2,0.24,DC_ZONE_45,1724,PORT HARCOURT,DIRECTCON,Local,GREENLIGHT PCK,O
January,6,2348139842xxx,2349032947xxx,632,75.84,DC_ZONE_45,1724,PORT HARCOURT,DIRECTCON,Local,GREENLIGHT PCK,O
January,6,2348139842xxx,2349032948xxx,382,45.84,DC_ZONE_45,1724,PORT HARCOURT,DIRECTCON,Local,GREENLIGHT PCK,O
January,6,2348139842xxx,2349032994xxx,8,0.96,DC_ZONE_45,1724,PORT HARCOURT,DIRECTCON,Local,GREENLIGHT PCK,O
January,6,2348139842xxx,2349032998xxx,265,31.8,DC_ZONE_45,1724,PORT HARCOURT,DIRECTCON,Local,GREENLIGHT PCK,O
January,6,2348139842xxx,2349033007xxx,37,4.44,DC_ZONE_45,1724,PORT HARCOURT,DIRECTCON,Local,GREENLIGHT PCK,O
January,6,2348139842xxx,2349033031xxx,37,4.44,DC_ZONE_45,1724,PORT HARCOURT,DIRECTCON,Local,GREENLIGHT PCK,O
January,6,2348139842xxx,2349033056xxx,319,38.28,DC_ZONE_45,1724,PORT HARCOURT,DIRECTCON,Local,GREENLIGHT PCK,O
January,6,2348139842xxx,2349033127xxx,375,45,DC_ZONE_45,1724,PORT HARCOURT,DIRECTCON,Local,GREENLIGHT PCK,O
January,6,2348139842xxx,2349033144xxx,409,49.08,DC_ZONE_45,1724,PORT HARCOURT,DIRECTCON,Local,GREENLIGHT PCK,O
January,6,2348139842xxx,2349033216xxx,492,59.04,DC_ZONE_45,1724,PORT HARCOURT,DIRECTCON,Local,GREENLIGHT PCK,O
January,6,2348139842xxx,2349033346xxx,165,19.8,DC_ZONE_45,1724,PORT HARCOURT,DIRECTCON,Local,GREENLIGHT PCK,O
January,6,2348139842xxx,2349033352xxx,148,17.76,DC_ZONE_45,1724,PORT HARCOURT,DIRECTCON,Local,GREENLIGHT PCK,O
January,6,2348139842xxx,2349033378xxx,1,0.12,DC_ZONE_45,1724,PORT HARCOURT,DIRECTCON,Local,GREENLIGHT PCK,O
January,6,2348139842xxx,2349033426xxx,111,13.32,DC_ZONE_45,1724,PORT HARCOURT,DIRECTCON,Local,GREENLIGHT PCK,O
January,6,2348139842xxx,2349033539xxx,325,39,DC_ZONE_45,1724,PORT HARCOURT,DIRECTCON,Local,GREENLIGHT PCK,O
January,6,2348139842xxx,2349033539xxx,1,0.12,DC_ZONE_45,1724,PORT HARCOURT,DIRECTCON,Local,GREENLIGHT PCK,O
January,6,2348139842xxx,2349033565xxx,391,46.92,DC_ZONE_45,1724,PORT HARCOURT,DIRECTCON,Local,GREENLIGHT PCK,O
January,6,2348139842xxx,2349033569xxx,52,6.24,DC_ZONE_45,1724,PORT HARCOURT,DIRECTCON,Local,GREENLIGHT PCK,O
January,6,2348139842xxx,2349033659xxx,228,27.36,DC_ZONE_45,1724,PORT HARCOURT,DIRECTCON,Local,GREENLIGHT PCK,O
January,6,2348139842xxx,2349033682xxx,406,48.72,DC_ZONE_45,1724,PORT HARCOURT,DIRECTCON,Local,GREENLIGHT PCK,O
January,6,2348139842xxx,2349033776xxx,410,49.2,DC_ZONE_45,1724,PORT HARCOURT,DIRECTCON,Local,GREENLIGHT PCK,O
January,6,2348139842xxx,2349033795xxx,27,3.24,DC_ZONE_45,1724,PORT HARCOURT,DIRECTCON,Local,GREENLIGHT PCK,O
January,6,2348139842xxx,2349033838xxx,92,11.04,DC_ZONE_45,1724,PORT HARCOURT,DIRECTCON,Local,GREENLIGHT PCK,O
January,6,2348139842xxx,2349033870xxx,72,8.64,DC_ZONE_45,1724,PORT HARCOURT,DIRECTCON,Local,GREENLIGHT PCK,O
January,6,2348139842xxx,2349033921xxx,129,15.48,DC_ZONE_45,1724,PORT HARCOURT,DIRECTCON,Local,GREENLIGHT PCK,O
January,6,2348139842xxx,2349033968xxx,23,2.76,DC_ZONE_45,1724,PORT HARCOURT,DIRECTCON,Local,GREENLIGHT PCK,O
January,6,2348139842xxx,2349034031xxx,322,38.64,DC_ZONE_45,1724,PORT HARCOURT,DIRECTCON,Local,GREENLIGHT PCK,O
January,6,2348139842xxx,2349034060xxx,112,13.44,DC_ZONE_45,1724,PORT HARCOURT,DIRECTCON,Local,GREENLIGHT PCK,O
January,6,2348139842xxx,2349034103xxx,103,12.36,DC_ZONE_45,1724,PORT HARCOURT,DIRECTCON,Local,GREENLIGHT PCK,O
January,6,2348139842xxx,2349034133xxx,60,7.2,DC_ZONE_45,1724,PORT HARCOURT,DIRECTCON,Local,GREENLIGHT PCK,O
January,6,2348139842xxx,2349034147xxx,46,5.52,DC_ZONE_45,1724,PORT HARCOURT,DIRECTCON,Local,GREENLIGHT PCK,O
January,6,2348139842xxx,2349034158xxx,337,40.44,DC_ZONE_45,1724,PORT HARCOURT,DIRECTCON,Local,GREENLIGHT PCK,O
January,6,2348139842xxx,2349034178xxx,526,63.12,DC_ZONE_45,1724,PORT HARCOURT,DIRECTCON,Local,GREENLIGHT PCK,O
January,6,2348139842xxx,2349034263xxx,"1,037",124.44,DC_ZONE_45,1724,PORT HARCOURT,DIRECTCON,Local,GREENLIGHT PCK,O
January,6,2348139842xxx,2349034313xxx,114,13.68,DC_ZONE_45,1724,PORT HARCOURT,DIRECTCON,Local,GREENLIGHT PCK,O
January,6,2348139842xxx,2349034375xxx,280,33.6,DC_ZONE_45,1724,PORT HARCOURT,DIRECTCON,Local,GREENLIGHT PCK,O
January,6,2348139842xxx,2349034381xxx,38,4.56,DC_ZONE_45,1724,PORT HARCOURT,DIRECTCON,Local,GREENLIGHT PCK,O
January,6,2348139842xxx,2349034407xxx,1,0.12,DC_ZONE_45,1724,PORT HARCOURT,DIRECTCON,Local,GREENLIGHT PCK,O
January,6,2348139842xxx,2349034421xxx,274,32.88,DC_ZONE_45,1724,PORT HARCOURT,DIRECTCON,Local,GREENLIGHT PCK,O
January,6,2348139842xxx,2349034472xxx,240,28.8,DC_ZONE_45,1724,PORT HARCOURT,DIRECTCON,Local,GREENLIGHT PCK,O
January,6,2348139842xxx,2349034484xxx,427,51.24,DC_ZONE_45,1724,PORT HARCOURT,DIRECTCON,Local,GREENLIGHT PCK,O
January,6,2348139842xxx,2349034491xxx,262,31.44,DC_ZONE_45,1724,PORT HARCOURT,DIRECTCON,Local,GREENLIGHT PCK,O
January,6,2348139842xxx,2349034498xxx,383,45.96,DC_ZONE_45,1724,PORT HARCOURT,DIRECTCON,Local,GREENLIGHT PCK,O
January,6,2348139842xxx,2349034545xxx,549,65.88,DC_ZONE_45,1724,PORT HARCOURT,DIRECTCON,Local,GREENLIGHT PCK,O
January,6,2348139842xxx,2349034559xxx,530,63.6,DC_ZONE_45,1724,PORT HARCOURT,DIRECTCON,Local,GREENLIGHT PCK,O
January,6,2348139842xxx,2349034570xxx,196,23.52,DC_ZONE_45,1724,PORT HARCOURT,DIRECTCON,Local,GREENLIGHT PCK,O
January,6,2348139842xxx,2349034582xxx,302,36.24,DC_ZONE_45,1724,PORT HARCOURT,DIRECTCON,Local,GREENLIGHT PCK,O
January,6,2348139842xxx,2349034597xxx,244,29.28,DC_ZONE_45,1724,PORT HARCOURT,DIRECTCON,Local,GREENLIGHT PCK,O
January,6,2348139842xxx,2349034646xxx,286,34.32,DC_ZONE_45,1724,PORT HARCOURT,DIRECTCON,Local,GREENLIGHT PCK,O
January,6,2348139842xxx,2349034767xxx,8,0.96,DC_ZONE_45,1724,PORT HARCOURT,DIRECTCON,Local,GREENLIGHT PCK,O
January,6,2348139842xxx,2349034783xxx,35,4.2,DC_ZONE_45,1724,PORT HARCOURT,DIRECTCON,Local,GREENLIGHT PCK,O
January,6,2348139842xxx,2349034953xxx,487,58.44,DC_ZONE_45,1724,PORT HARCOURT,DIRECTCON,Local,GREENLIGHT PCK,O
January,6,2348139842xxx,2349034954xxx,83,9.96,DC_ZONE_45,1724,PORT HARCOURT,DIRECTCON,Local,GREENLIGHT PCK,O
